name,datetime,tempmax,tempmin,temp,feelslike,humidity,precip,precipprob,windspeed,windgust,conditions
Eindhoven,2025-12-01,6,2.7,4.3,2.5,62.1,0,5,18,32.1,Partially cloudy
Eindhoven,2025-12-02,3.7,-1.5,1.1,-0.5,94.9,0.8,92,16,33.7,"Rain, Overcast"
Eindhoven,2025-12-03,3.7,-2.3,0.7,-1.8,57.7,0,7,24.5,40,Clear
Eindhoven,2025-12-04,1,-3.6,-1.3,-3,68.8,0,2,17,33.7,Clear
Eindhoven,2025-12-05,2.9,-1.1,0.9,-0.6,78.8,0,16,15.1,30.9,Overcast
Eindhoven,2025-12-06,-3.8,-7.4,-5.6,-7.5,69.3,0,8,19.2,27.7,Partially cloudy
Eindhoven,2025-12-07,0.5,-4,-1.8,-4.7,70,0,20,28.7,42.7,Clear
Eindhoven,2025-12-08,7.2,1.2,4.2,3,78,0,14,12.5,21.8,Overcast
Eindhoven,2025-12-09,-3.3,-6.8,-5,-5.9,66.1,0,13,9.3,22.6,Partially cloudy
Eindhoven,2025-12-10,3.3,-1.9,0.7,-0.7,92.8,8.6,66,14.2,25.6,Light Rain
Eindhoven,2025-12-11,5.2,1.2,3.2,1.9,79.2,0,4,12.8,19.5,Clear
Eindhoven,2025-12-12,7.9,4.7,6.3,3.7,68.9,0,12,26.2,32,Partially cloudy
Eindhoven,2025-12-13,5.3,0,2.6,1.5,91.4,1.4,100,11.4,25.8,Heavy Rain
Eindhoven,2025-12-14,-3,-7.2,-5.1,-7.9,86.4,7.2,85,28.1,37.5,"Rain, Partially cloudy"
Eindhoven,2025-12-15,-1.3,-6.8,-4,-5.9,82.7,3.2,98,19.1,34.7,"Rain, Partially cloudy"
Eindhoven,2025-12-16,-3.2,-7.1,-5.2,-7.8,59.7,0,15,25.7,40.8,Partially cloudy
Eindhoven,2025-12-17,3.8,-2.1,0.8,-1,55.2,0,17,17.9,34.3,Clear
Eindhoven,2025-12-18,3.3,0.1,1.7,0.6,88.9,11,77,10.5,25.2,"Rain, Partially cloudy"
Eindhoven,2025-12-19,5.9,0.8,3.4,1.8,78.2,1.7,87,16.4,31.8,Heavy Rain
Eindhoven,2025-12-20,4.1,0.4,2.2,0,78.3,8.3,77,22.4,31.2,"Rain, Overcast"
Eindhoven,2025-12-21,0.1,-4.7,-2.3,-4.2,77.1,0,4,18.8,28.3,Overcast
Eindhoven,2025-12-22,-3.1,-8.8,-6,-8.2,93.9,4.6,98,21.7,30.2,Light Rain
Eindhoven,2025-12-23,4.9,0.6,2.8,0.5,68.9,0,11,23.3,35.6,Partially cloudy
Eindhoven,2025-12-24,8.1,4.6,6.3,3.9,81.9,7.4,83,23.5,40.9,Light Rain
Eindhoven,2025-12-25,-3.7,-7.1,-5.4,-6.9,72,0,19,14.9,20.5,Clear
Eindhoven,2025-12-26,8,4.2,6.1,4.4,60,0,7,17.2,30.6,Clear
Eindhoven,2025-12-27,5.1,0.6,2.8,0.6,58.5,0,17,21.6,28.6,Partially cloudy
Eindhoven,2025-12-28,-1.2,-5.4,-3.3,-5.5,81.1,8,78,21.9,36.9,Heavy Rain
Eindhoven,2025-12-29,9.8,5.6,7.7,6.6,79.3,5.3,100,11.3,25,"Rain, Overcast"
Eindhoven,2025-12-30,5.5,2.4,4,1.5,67.7,0,1,25.1,39.3,Overcast
Eindhoven,2025-12-31,7.4,3.6,5.5,4.5,89.6,8.2,73,9.5,16.6,"Rain, Partially cloudy"
Eindhoven,2026-01-01,-1.5,-5.6,-3.5,-4.6,86.5,5,71,11.4,17.8,Heavy Rain
Eindhoven,2026-01-02,3.8,0.3,2,-0.5,84.5,10.6,99,24.9,31.9,Light Rain
Eindhoven,2026-01-03,-2.2,-8,-5.1,-7.4,84.7,4.4,71,22.8,37.1,"Rain, Overcast"
Eindhoven,2026-01-04,1.3,-4.6,-1.6,-2.7,55.7,0,5,11.2,17.5,Overcast
Eindhoven,2026-01-05,1.5,-3.9,-1.2,-2.7,77.4,0,8,15.1,27.8,Overcast
Eindhoven,2026-01-06,5.1,1.9,3.5,0.5,69.3,0,1,30,35.4,Clear
Eindhoven,2026-01-07,-3.5,-7.8,-5.7,-7.6,70.4,0,12,18.7,26.8,Overcast
Eindhoven,2026-01-08,2.6,-3.3,-0.3,-1.7,79,0,12,14.2,20.1,Clear
Eindhoven,2026-01-09,6,1.3,3.6,0.8,74,0,10,27.9,43.6,Clear
Eindhoven,2026-01-10,4.4,1.2,2.8,1.5,73,0,0,12.6,23.5,Clear
Eindhoven,2026-01-11,-0.6,-6.1,-3.3,-6,76.9,3.9,92,26.8,39.4,"Rain, Partially cloudy"
Eindhoven,2026-01-12,-0.9,-5.2,-3.1,-5.9,59.8,0,10,28.2,43.2,Clear
Eindhoven,2026-01-13,-3.6,-6.8,-5.2,-7.3,64,0,1,21.4,33,Partially cloudy
Eindhoven,2026-01-14,5.1,-0.9,2.1,0.9,75.7,0,18,11.5,22.3,Clear
Eindhoven,2026-01-15,6.5,1.3,3.9,1,64.1,0,15,29.4,41.9,Clear
Eindhoven,2026-01-16,1.4,-3.8,-1.2,-2.5,65.2,0,1,13.5,27.1,Clear
Eindhoven,2026-01-17,-2.8,-6.6,-4.7,-6.7,78.8,0,11,19.6,31,Partially cloudy
Eindhoven,2026-01-18,0.4,-3.2,-1.4,-2.6,55.5,0,2,11.6,24.8,Overcast
Eindhoven,2026-01-19,-2.2,-7.6,-4.9,-6.7,70.9,0,10,17.6,31.3,Clear
Eindhoven,2026-01-20,10.4,5.3,7.8,5.4,64.4,0,16,23.8,38.9,Clear
Eindhoven,2026-01-21,4.1,-1.1,1.5,-0.5,65.6,0,7,19.9,28,Clear
Eindhoven,2026-01-22,6.2,2.6,4.4,2.2,75.8,9.6,78,21.6,28.8,Light Rain
Eindhoven,2026-01-23,-3.7,-7.3,-5.5,-6.7,67.2,0,4,12.4,24.1,Partially cloudy
Eindhoven,2026-01-24,-0.3,-4.7,-2.5,-4.7,91.2,10.8,95,22.4,29.8,Light Rain
Eindhoven,2026-01-25,1.3,-2.5,-0.6,-3.2,59.8,0,16,26.2,36.1,Partially cloudy
Eindhoven,2026-01-26,-2,-6.2,-4.1,-6.2,58.4,0,1,20.7,32.4,Partially cloudy
Eindhoven,2026-01-27,-2.5,-7,-4.8,-6.3,78.9,9.3,73,14.7,27.4,Light Rain
Eindhoven,2026-01-28,5.8,0,2.9,0.1,69.8,0,9,28.2,38.5,Clear
Eindhoven,2026-01-29,8.6,5.2,6.9,4.1,63.5,0,9,27.8,35.4,Partially cloudy
Eindhoven,2026-01-30,4.8,0.9,2.9,0.5,78.8,2.1,63,23.5,35.4,Light Rain
Eindhoven,2026-01-31,-2.6,-6.6,-4.6,-6.2,75.5,10.9,86,16.3,25,"Rain, Overcast"
Eindhoven,2026-02-01,9.4,4.6,7,5.1,63.3,0,3,19.1,35,Clear
Eindhoven,2026-02-02,4,-0.3,1.9,0.9,77.1,0,10,9.8,24,Partially cloudy
Eindhoven,2026-02-03,-2.3,-5.5,-3.9,-5.7,76.8,0,2,18.4,25.4,Overcast
Eindhoven,2026-02-04,1.4,-4.5,-1.6,-2.9,79.2,0,3,13.1,20.5,Clear
Eindhoven,2026-02-05,1.4,-4,-1.3,-3,89.2,2.4,96,17.2,22.9,Light Rain
Eindhoven,2026-02-06,3.3,-0.4,1.4,-1.1,77.9,0,2,25.4,38,Partially cloudy
Eindhoven,2026-02-07,4.9,-0.2,2.4,0.9,76.1,0,15,15.4,33.2,Overcast
Eindhoven,2026-02-08,2.5,-3.4,-0.4,-1.6,86.8,9.7,99,12,18,"Rain, Overcast"
Eindhoven,2026-02-09,4.2,0,2.1,0.2,86.6,10.8,92,18.6,29.5,"Rain, Partially cloudy"
Eindhoven,2026-02-10,6.2,3.1,4.7,3.8,65.9,0,16,8.9,19.9,Overcast
Eindhoven,2026-02-11,3.7,0.5,2.1,0.9,75.5,0,0,11.6,23.1,Partially cloudy
Eindhoven,2026-02-12,10.3,4.9,7.6,5.5,75.7,9.6,88,21.1,29.3,Light Rain
Eindhoven,2026-02-13,-3.7,-7.3,-5.5,-6.7,55.6,0,2,11.9,25,Clear
Eindhoven,2026-02-14,3.2,-0.7,1.2,-1.5,76.3,0,9,26.9,36.6,Overcast
Eindhoven,2026-02-15,1.8,-1.9,0,-2.8,65,0,18,28.4,45.5,Partially cloudy
Eindhoven,2026-02-16,-1.5,-5.3,-3.4,-5,87.1,5.1,68,15.9,27.4,"Rain, Overcast"
Eindhoven,2026-02-17,9.4,4.4,6.9,5.4,62.7,0,17,15.1,24.1,Clear
Eindhoven,2026-02-18,4.6,-0.7,1.9,0.9,56.4,0,2,10.3,20.4,Partially cloudy
Eindhoven,2026-02-19,6.4,2,4.2,2.1,75.6,0,9,21.5,27.3,Partially cloudy
Eindhoven,2026-02-20,3.2,-2.5,0.4,-0.9,92.6,7.8,84,12.9,20.7,"Rain, Overcast"
Eindhoven,2026-02-21,8.6,4.6,6.6,4,59.2,0,17,25.8,40.4,Overcast
Eindhoven,2026-02-22,7.4,3.7,5.6,4.4,94.4,10.2,94,11.9,26.7,Light Rain
Eindhoven,2026-02-23,0.8,-2.7,-1,-3.7,77.3,0,9,27.3,34.3,Clear
Eindhoven,2026-02-24,-1.9,-7,-4.5,-6.4,72,0,19,18.8,25.3,Clear
Eindhoven,2026-02-25,7.9,2.2,5.1,2.9,71.2,0,10,21.7,32.5,Clear
Eindhoven,2026-02-26,8.9,4.5,6.7,5.5,87.7,2,69,12,18.9,"Rain, Partially cloudy"
Eindhoven,2026-02-27,2.6,-2.6,0,-1.8,74.2,0,13,17.5,30.2,Partially cloudy
Eindhoven,2026-02-28,6.5,2.5,4.5,2.7,64,0,13,18.4,26.1,Overcast
Eindhoven,2026-03-01,17.5,10.9,14.2,12.3,60.9,0,16,18.7,29.6,Overcast
Eindhoven,2026-03-02,18.6,10.6,14.6,12,85.9,0.6,62,26.4,42.8,"Rain, Overcast"
Eindhoven,2026-03-03,11.5,6.1,8.8,6.1,63,0,19,27.4,40,Overcast
Eindhoven,2026-03-04,13.9,7.4,10.7,8.4,87.9,2.5,90,23.2,35.1,"Rain, Overcast"
Eindhoven,2026-03-05,15.9,9,12.4,10.2,85,2,64,21.7,32.7,"Rain, Overcast"
Eindhoven,2026-03-06,13.8,7.6,10.7,9.4,87.7,9.4,79,13,22.6,"Rain, Overcast"
Eindhoven,2026-03-07,18.2,10.3,14.2,12.9,56.4,0,9,12.6,20.7,Partially cloudy
Eindhoven,2026-03-08,13.1,5.8,9.4,6.6,55.5,0,0,27.7,39.4,Overcast
Eindhoven,2026-03-09,14.6,8.4,11.5,8.7,66.6,0,10,28.1,38.5,Clear
Eindhoven,2026-03-10,18.9,13,15.9,13.2,65.5,0,1,26.6,31.7,Overcast
Eindhoven,2026-03-11,13.1,5.8,9.4,7.6,60.2,0,2,18,24.4,Partially cloudy
Eindhoven,2026-03-12,18.4,12.2,15.3,14.4,83.6,9.1,70,8.6,14.6,Heavy Rain
Eindhoven,2026-03-13,18.8,11.1,14.9,13.4,76.9,0,7,15.1,31.9,Clear
Eindhoven,2026-03-14,17.3,10.9,14.1,11.5,92,4.4,84,26.2,32.8,"Rain, Partially cloudy"
Eindhoven,2026-03-15,12,5.7,8.8,6.1,78.8,0,6,27.5,43.9,Partially cloudy
Eindhoven,2026-03-16,15.1,8.8,11.9,9,64.7,0,16,28.8,41.7,Partially cloudy
Eindhoven,2026-03-17,15.3,8.5,11.9,10.8,89.3,9.5,66,10.7,25,Heavy Rain
Eindhoven,2026-03-18,16.8,11.3,14.1,13.3,90.2,2.3,75,8.2,21.5,"Rain, Partially cloudy"
Eindhoven,2026-03-19,15.9,10.9,13.4,11.4,69.1,0,1,19.5,37.2,Overcast
Eindhoven,2026-03-20,15.8,9.2,12.5,10.4,68.6,0,17,20.6,32.1,Clear
Eindhoven,2026-03-21,16.3,7.5,11.9,9.1,79.6,0,18,27.6,44.3,Overcast
Eindhoven,2026-03-22,18.3,12.2,15.2,14.2,66,0,4,10.1,20.9,Clear
Eindhoven,2026-03-23,12.4,5.5,8.9,6.7,75,0,7,21.7,39,Overcast
Eindhoven,2026-03-24,13.1,5.4,9.2,6.4,85.4,2.9,76,28,45.9,Heavy Rain
Eindhoven,2026-03-25,17.2,10.2,13.7,12,68.8,0,0,17.4,34.2,Clear
Eindhoven,2026-03-26,10.8,5.6,8.2,7.2,64.2,0,17,10,26,Clear
Eindhoven,2026-03-27,13.9,5.8,9.8,6.9,79.2,0,10,29.3,37.8,Partially cloudy
Eindhoven,2026-03-28,13.1,6.8,9.9,7.7,57.8,0,18,21.6,32.1,Partially cloudy
Eindhoven,2026-03-29,11.2,6.1,8.6,7.3,79.5,0,5,13.4,22.1,Partially cloudy
Eindhoven,2026-03-30,13.2,7.4,10.3,9.4,63.3,0,1,8.7,15.6,Partially cloudy
Eindhoven,2026-03-31,15.7,8.5,12.1,10.1,78.2,3.8,65,20.2,35.3,"Rain, Partially cloudy"
Eindhoven,2026-04-01,12.8,4.2,8.5,5.8,77.5,0,13,26.5,32.1,Partially cloudy
Eindhoven,2026-04-02,14.6,5.7,10.2,8.5,71.9,0,7,17,33.3,Partially cloudy
Eindhoven,2026-04-03,14.4,6.2,10.3,9.3,85.1,10.4,93,9.7,16.7,"Rain, Overcast"
Eindhoven,2026-04-04,17.7,11.9,14.8,11.8,56.6,0,7,29.8,37.4,Overcast
Eindhoven,2026-04-05,12.6,4.4,8.5,7.4,72.5,0,17,10.8,18.2,Clear
Eindhoven,2026-04-06,16.9,11.3,14.1,11.4,67.3,0,15,26.8,39.4,Partially cloudy
Eindhoven,2026-04-07,13.1,5.1,9.1,7.2,93.4,9.2,82,18.5,28.7,"Rain, Overcast"
Eindhoven,2026-04-08,18.5,10.7,14.6,12.4,61.6,0,8,22.4,29.9,Clear
Eindhoven,2026-04-09,19.2,11.2,15.2,13.7,92.4,6.8,86,15,23.5,"Rain, Overcast"
Eindhoven,2026-04-10,12.6,4.3,8.4,5.8,90.8,3.6,78,25.8,38.8,"Rain, Overcast"
Eindhoven,2026-04-11,13.4,7.5,10.4,8.6,80.1,3.3,65,18.4,28.5,Light Rain
Eindhoven,2026-04-12,13.2,6.8,10,8.4,90.3,8.3,71,16.3,26,"Rain, Overcast"
Eindhoven,2026-04-13,15.7,10.3,13,12,57.1,0,18,9.8,19.1,Partially cloudy
Eindhoven,2026-04-14,15.2,9.1,12.1,9.6,75.4,0,13,25.3,31.5,Clear
Eindhoven,2026-04-15,16,9.4,12.7,11.4,85.1,8.9,69,12.8,24,"Rain, Overcast"
Eindhoven,2026-04-16,18.2,9.5,13.8,12.2,56.2,0,11,15.5,22.4,Clear
Eindhoven,2026-04-17,17.6,12,14.8,12.3,63.1,0,3,25.2,31.1,Overcast
Eindhoven,2026-04-18,14.1,8.5,11.3,10.3,68.1,0,2,10.4,16.4,Partially cloudy
Eindhoven,2026-04-19,19.3,11.4,15.4,14.5,92.6,3.3,100,8.9,21.1,"Rain, Partially cloudy"
Eindhoven,2026-04-20,15.7,10.1,12.9,10.4,74.6,0,0,24.7,39,Partially cloudy
Eindhoven,2026-04-21,11.8,4.8,8.3,5.8,72.2,0,16,24.7,36.3,Partially cloudy
Eindhoven,2026-04-22,15.1,8.9,12,10,62.5,0,1,20.2,28.7,Clear
Eindhoven,2026-04-23,17.2,8.8,13,10.6,60.9,0,2,23.6,33.2,Partially cloudy
Eindhoven,2026-04-24,13.3,6.9,10.1,8.1,80,0,18,19.9,34.8,Clear
Eindhoven,2026-04-25,13.6,6.8,10.2,7.8,87.5,10.5,64,23.7,38.9,Light Rain
Eindhoven,2026-04-26,12.3,4.4,8.4,7.3,79.4,10.6,89,10.6,17.7,"Rain, Overcast"
Eindhoven,2026-04-27,14,5.2,9.6,7.7,79.8,0,13,19,27.7,Partially cloudy
Eindhoven,2026-04-28,12.8,6,9.4,6.7,77.1,2.5,75,27.3,38.3,"Rain, Overcast"
Eindhoven,2026-04-29,14.9,8.7,11.8,9.6,62.1,0,19,22.4,37.1,Clear
Eindhoven,2026-04-30,17.5,11.7,14.6,13.1,73.4,0,13,15,24.8,Partially cloudy
Eindhoven,2026-05-01,12.4,4.5,8.4,6.1,86.2,2.9,64,23.1,28.4,"Rain, Overcast"
Eindhoven,2026-05-02,17,9.8,13.4,11.2,73.7,0,20,21.7,28.7,Overcast
Eindhoven,2026-05-03,17.2,10.2,13.7,10.9,85.7,7,63,27.9,42.6,Light Rain
Eindhoven,2026-05-04,17,10.5,13.8,12.8,85.1,6.8,75,10,16.9,"Rain, Partially cloudy"
Eindhoven,2026-05-05,15.3,10.1,12.7,11.8,58.3,0,16,8.8,17,Clear
Eindhoven,2026-05-06,16.5,9,12.8,11.6,58.6,0,5,11.6,25.4,Partially cloudy
Eindhoven,2026-05-07,13,6.2,9.6,8.5,77.9,9.7,93,10.5,15.6,"Rain, Partially cloudy"
Eindhoven,2026-05-08,16.4,9.4,12.9,11.3,57.7,0,0,16,26.1,Partially cloudy
Eindhoven,2026-05-09,12.8,3.9,8.3,6.8,57.9,0,14,15.5,20.6,Partially cloudy
Eindhoven,2026-05-10,14.9,8.4,11.7,10.6,77,0,0,11.4,20,Overcast
Eindhoven,2026-05-11,16.3,8.2,12.2,10,94.8,4.8,88,22.2,35.3,"Rain, Partially cloudy"
Eindhoven,2026-05-12,12.1,5.3,8.7,6.6,79.6,0,13,20.6,30.2,Partially cloudy
Eindhoven,2026-05-13,14.6,8.8,11.7,9.3,71.5,0,19,24.3,36.5,Clear
Eindhoven,2026-05-14,18.8,12.7,15.8,14.6,78.2,1.2,92,12.5,26.6,Heavy Rain
Eindhoven,2026-05-15,17.7,10.5,14.1,11.5,64.7,0,15,25.7,38.9,Partially cloudy
Eindhoven,2026-05-16,18.7,10.8,14.8,13.2,65.6,0,9,15.8,21.2,Clear
Eindhoven,2026-05-17,16.4,9.7,13,12.2,62.9,0,17,8.3,18.4,Partially cloudy
Eindhoven,2026-05-18,16,9.5,12.8,11.3,73.1,0,9,15.3,26.5,Overcast
Eindhoven,2026-05-19,13.4,8.2,10.8,8.7,73.1,0,5,21.1,39,Overcast
Eindhoven,2026-05-20,15.7,7.9,11.8,8.9,94.7,3.6,90,28.7,45.8,"Rain, Overcast"
Eindhoven,2026-05-21,11.6,5.3,8.4,6.5,63.9,0,15,18.7,32.4,Partially cloudy
Eindhoven,2026-05-22,13.8,8.7,11.2,9.2,84.9,9.5,92,19.5,29,"Rain, Overcast"
Eindhoven,2026-05-23,17.2,10.9,14.1,12.3,77.2,11.9,71,18,25.7,Heavy Rain
Eindhoven,2026-05-24,16.5,11.4,13.9,13,65.9,0,19,9,18.9,Overcast
Eindhoven,2026-05-25,18.9,12.5,15.7,13.6,64.4,0,16,21.2,27,Overcast
Eindhoven,2026-05-26,12,5.2,8.6,5.9,91.5,11.8,100,27.1,39.4,"Rain, Partially cloudy"
Eindhoven,2026-05-27,12.6,6.5,9.6,8.1,81,6.1,86,15.4,26.4,"Rain, Overcast"
Eindhoven,2026-05-28,18.4,10.7,14.5,11.8,72.6,0,0,27.3,42.4,Partially cloudy
Eindhoven,2026-05-29,18.5,12.3,15.4,14.4,76.1,0,5,9.6,23.3,Overcast
Eindhoven,2026-05-30,15.5,9.1,12.3,10.1,80.2,3.2,91,21.9,32.7,"Rain, Partially cloudy"
Eindhoven,2026-05-31,17.8,9.2,13.5,10.8,76.5,8.2,74,26.7,39.2,Light Rain
Eindhoven,2026-06-01,32.8,22.7,27.8,25.1,72.1,0,14,27.3,38.1,Overcast
Eindhoven,2026-06-02,31.6,24.5,28.1,27.1,91.5,8.9,84,10.5,20.9,"Rain, Overcast"
Eindhoven,2026-06-03,29.1,21.3,25.2,23.9,84.6,4.4,75,12.5,26.7,Heavy Rain
Eindhoven,2026-06-04,33.6,23.2,28.4,27,78.5,7.7,85,14.1,31,Light Rain
Eindhoven,2026-06-05,33.3,22.8,28,25.8,63.8,0,4,22.1,35.1,Clear
Eindhoven,2026-06-06,24.4,15.3,19.9,18.1,62.3,0,10,18.4,25.5,Clear
Eindhoven,2026-06-07,30.7,22.1,26.4,24.3,66.9,0,7,21.2,26.4,Overcast
Eindhoven,2026-06-08,26.4,17.8,22.1,20.4,69.8,0,15,16.9,29.4,Partially cloudy
Eindhoven,2026-06-09,24.7,15.4,20.1,18.4,90.6,4.9,89,17.5,25.2,Heavy Rain
Eindhoven,2026-06-10,31.4,22.3,26.9,24.4,85.6,11.8,85,24.8,36.5,Heavy Rain
Eindhoven,2026-06-11,26.5,18.4,22.4,20.4,85.8,9.7,88,19.7,28.5,Light Rain
Eindhoven,2026-06-12,30.6,21.2,25.9,23.2,56.5,0,12,27.2,37.4,Partially cloudy
Eindhoven,2026-06-13,32.8,22.4,27.6,26.8,55.2,0,2,8.3,24.7,Overcast
Eindhoven,2026-06-14,30.2,22.9,26.5,25.5,94.7,10.8,99,10,25,"Rain, Overcast"
Eindhoven,2026-06-15,28.8,19.4,24.1,23.2,71.7,0,9,9.2,19.6,Clear
Eindhoven,2026-06-16,32.3,25.1,28.7,26.2,70.3,0,15,25.4,35.2,Partially cloudy
Eindhoven,2026-06-17,32.6,22,27.3,25.2,94,7.5,69,20.5,30.4,Heavy Rain
Eindhoven,2026-06-18,32.8,22.8,27.8,27,76.4,0,6,8.2,15.6,Overcast
Eindhoven,2026-06-19,22.5,13.3,17.9,15.1,74.1,0,8,28.1,44.5,Partially cloudy
Eindhoven,2026-06-20,24.9,14.8,19.9,17.9,61.9,0,9,20.2,32.7,Clear
Eindhoven,2026-06-21,21.9,12.9,17.4,15.1,69.4,0,15,22.8,33.9,Clear
Eindhoven,2026-06-22,32,23.4,27.7,25.7,62.4,0,1,19.6,36.8,Clear
Eindhoven,2026-06-23,28.8,19.7,24.2,22.6,82.1,0.5,84,15.5,22.1,Light Rain
Eindhoven,2026-06-24,34,23.8,28.9,27.2,78.7,0,19,16.7,33,Clear
Eindhoven,2026-06-25,27.2,17.9,22.5,19.9,59.3,0,10,26.1,44,Overcast
Eindhoven,2026-06-26,33,22.4,27.7,26.3,76.8,0,12,14.1,30.7,Clear
Eindhoven,2026-06-27,32.6,21.7,27.1,25.8,77.8,11.7,88,12.8,25.1,Heavy Rain
Eindhoven,2026-06-28,30.2,22.7,26.4,25.2,66.8,0,2,12.1,25.4,Clear
Eindhoven,2026-06-29,25.9,17.2,21.5,19.5,63.6,0,8,20.4,33.9,Overcast
Eindhoven,2026-06-30,23.1,12.5,17.8,17,78.6,0,20,8.4,19.6,Overcast
Eindhoven,2026-07-01,22.8,13.5,18.1,15.3,70.7,0,11,28.5,37.6,Clear
Eindhoven,2026-07-02,23,15.9,19.4,18.3,57.7,0,3,11.3,18.5,Overcast
Eindhoven,2026-07-03,24.8,15.5,20.1,19.1,72,0,18,10.1,19.9,Overcast
Eindhoven,2026-07-04,24.3,17.1,20.7,19.1,74.5,0,12,16.3,22.2,Overcast
Eindhoven,2026-07-05,22.9,14.3,18.6,16.1,60.1,0,13,24.9,32,Clear
Eindhoven,2026-07-06,30.5,23,26.8,23.9,70.8,0,13,28.9,42.9,Overcast
Eindhoven,2026-07-07,33.4,25.8,29.6,27.4,76.8,0,7,22.3,36.6,Overcast
Eindhoven,2026-07-08,22.9,12.2,17.5,16.6,59.8,0,13,9.3,24.8,Clear
Eindhoven,2026-07-09,27,19,23,20.6,68.2,0,11,24.1,30.5,Partially cloudy
Eindhoven,2026-07-10,32.3,22.2,27.2,24.3,79.9,0,8,29.3,43.8,Clear
Eindhoven,2026-07-11,32.4,22.9,27.6,25.7,55.4,0,4,18.6,36.4,Overcast
Eindhoven,2026-07-12,27.2,16.7,21.9,19.8,74.1,0,19,20.8,27,Partially cloudy
Eindhoven,2026-07-13,24.2,13.2,18.7,17.3,91.2,1.4,75,14,31,Heavy Rain
Eindhoven,2026-07-14,30,20.8,25.4,24,76.2,0,0,14.1,19.4,Clear
Eindhoven,2026-07-15,29.5,19.7,24.6,23.2,77.3,0,15,14.2,28.6,Overcast
Eindhoven,2026-07-16,25.5,17.4,21.4,19.6,58.7,0,20,18,33.2,Overcast
Eindhoven,2026-07-17,28.9,21.1,25,23.9,92,0.7,75,10.5,18.3,"Rain, Partially cloudy"
Eindhoven,2026-07-18,33,24.8,28.9,26.9,76.8,0,4,19.8,33,Overcast
Eindhoven,2026-07-19,23.4,14.7,19,17.2,71.4,0,16,18.3,23.7,Overcast
Eindhoven,2026-07-20,20.8,13.7,17.2,15.5,79.9,0,10,17,33.5,Overcast
Eindhoven,2026-07-21,21.4,13.1,17.2,15,69.7,0,11,22.3,35.1,Clear
Eindhoven,2026-07-22,25.4,18.1,21.8,19.4,72.9,0,7,23.8,34.6,Partially cloudy
Eindhoven,2026-07-23,31.1,22,26.6,25.7,94,10.8,78,9.1,19.9,Light Rain
Eindhoven,2026-07-24,23.2,12.6,17.9,15.7,73,0,10,22.3,32.4,Overcast
Eindhoven,2026-07-25,27.9,20.5,24.2,23.3,70,0,10,9.2,14.9,Clear
Eindhoven,2026-07-26,22.8,15.6,19.2,16.9,92.2,4.3,60,22.8,39.8,Heavy Rain
Eindhoven,2026-07-27,23.4,14.4,18.9,17.4,86.8,4.1,91,14.7,24.8,Light Rain
Eindhoven,2026-07-28,25.5,17.7,21.6,20.7,57.6,0,2,8.8,17.5,Clear
Eindhoven,2026-07-29,25,14.8,19.9,18.4,77.6,6.2,81,15,31,"Rain, Overcast"
Eindhoven,2026-07-30,32.7,23.9,28.3,26.7,59.4,0,17,16.1,29.4,Overcast
Eindhoven,2026-07-31,31.5,22.3,26.9,24,79.5,0,7,29.3,44.8,Clear
Eindhoven,2026-08-01,25.8,16.4,21.1,19,76.5,5.3,97,21.3,29.6,Heavy Rain
Eindhoven,2026-08-02,26.2,15.9,21.1,18.8,74.2,0,12,22.6,32.1,Partially cloudy
Eindhoven,2026-08-03,26.1,15.1,20.6,19,72.8,0,20,15.8,31.1,Clear
Eindhoven,2026-08-04,23.5,14,18.8,15.8,73.4,0,16,29.6,42.3,Overcast
Eindhoven,2026-08-05,30.6,19.7,25.1,24.3,79,0,16,8.2,19.7,Clear
Eindhoven,2026-08-06,25.2,16.7,20.9,18.2,58.6,0,18,26.5,33.2,Partially cloudy
Eindhoven,2026-08-07,22.7,15.4,19.1,18,88.8,5.1,86,10.6,18.8,"Rain, Partially cloudy"
Eindhoven,2026-08-08,33.5,22.7,28.1,25.7,84.2,4.3,98,23.9,31,"Rain, Partially cloudy"
Eindhoven,2026-08-09,30.4,21.5,25.9,23.1,78.5,10.9,64,27.7,45.4,"Rain, Overcast"
Eindhoven,2026-08-10,22.2,14.5,18.4,17.4,86.9,5.3,94,9.5,18,"Rain, Overcast"
Eindhoven,2026-08-11,28.7,21.4,25,22.2,86,8.9,84,27.7,45,Heavy Rain
Eindhoven,2026-08-12,28.4,19.5,23.9,21.1,69.6,0,20,27.5,44.3,Partially cloudy
Eindhoven,2026-08-13,32.1,25,28.6,26.4,68.4,0,4,21.7,29.2,Partially cloudy
Eindhoven,2026-08-14,23.6,14.6,19.1,16.3,81.2,5.6,71,28.2,39.7,"Rain, Overcast"
Eindhoven,2026-08-15,32,22.3,27.1,24.7,79.7,0,14,23.6,29.9,Clear
Eindhoven,2026-08-16,26.1,17,21.6,19.9,74,0,10,17.4,22.6,Overcast
Eindhoven,2026-08-17,33.4,23.6,28.5,25.5,73.5,0,15,30,41.8,Overcast
Eindhoven,2026-08-18,25.4,15.9,20.6,19.6,69.2,0,7,10.3,21.4,Clear
Eindhoven,2026-08-19,22.3,13.7,18,17.2,65.8,0,19,8.4,16.5,Partially cloudy
Eindhoven,2026-08-20,28.1,19.2,23.6,21.9,72,0,7,16.7,31.6,Clear
Eindhoven,2026-08-21,30.6,19.6,25.1,22.1,66.1,0,1,29.7,38.8,Overcast
Eindhoven,2026-08-22,33.2,22.9,28.1,25.9,71.5,0,15,21.7,30.4,Partially cloudy
Eindhoven,2026-08-23,25.9,16,20.9,18,65.6,0,6,28.6,44.4,Partially cloudy
Eindhoven,2026-08-24,24.7,13.9,19.3,17.6,87,8,91,17.5,24.9,"Rain, Overcast"
Eindhoven,2026-08-25,24.7,15.8,20.2,17.5,69,0,7,27.3,45.3,Partially cloudy
Eindhoven,2026-08-26,26.8,17.3,22.1,20.4,60.6,0,14,17.4,29.4,Partially cloudy
Eindhoven,2026-08-27,33,24.1,28.6,25.7,79.9,0,12,28.7,44.8,Clear
Eindhoven,2026-08-28,32,22.2,27.1,24.4,63.3,0,2,27.2,41.3,Partially cloudy
Eindhoven,2026-08-29,23.3,14.4,18.9,17.5,60.8,0,4,13.6,30.3,Partially cloudy
Eindhoven,2026-08-30,33.1,24.4,28.8,26.1,79.1,0,11,27,40.3,Partially cloudy
Eindhoven,2026-08-31,30.1,21.8,26,24.4,61.5,0,15,16.1,32.5,Overcast
Eindhoven,2026-09-01,14.3,10.2,12.2,9.6,59.6,0,15,26,42.4,Clear
Eindhoven,2026-09-02,16.7,11.2,13.9,12.5,83.1,11.4,66,14.3,27.4,Light Rain
Eindhoven,2026-09-03,15.9,8.8,12.4,10.1,69.3,0,6,23.2,39.2,Partially cloudy
Eindhoven,2026-09-04,12.4,6.4,9.4,7.6,74.2,0,17,18.2,33.4,Overcast
Eindhoven,2026-09-05,13,6.3,9.7,7.4,75.2,0,2,22.5,28.3,Overcast
Eindhoven,2026-09-06,16.3,9,12.7,11.2,79.2,0,6,14.6,21.4,Partially cloudy
Eindhoven,2026-09-07,12.9,6.4,9.7,7.3,64.7,0,9,24,30.5,Partially cloudy
Eindhoven,2026-09-08,14.5,9,11.8,10.8,60.3,0,17,10.5,27.3,Overcast
Eindhoven,2026-09-09,12.2,6,9.1,7.8,72.6,0,8,13,27.5,Partially cloudy
Eindhoven,2026-09-10,18.3,10.9,14.6,12,91.5,3.6,84,26,35.6,Heavy Rain
Eindhoven,2026-09-11,14.9,7.5,11.2,10.1,65.2,0,6,11.1,23.7,Clear
Eindhoven,2026-09-12,12.1,7.7,9.9,8.4,74.6,0,10,15.3,25.3,Overcast
Eindhoven,2026-09-13,18.6,11.5,15.1,12.4,61.3,0,10,26.7,40.8,Partially cloudy
Eindhoven,2026-09-14,18.2,12.1,15.1,13.4,75.9,8.9,63,17,22.5,"Rain, Overcast"
Eindhoven,2026-09-15,13.9,6.2,10.1,8.6,72.1,0,1,14.6,32.1,Partially cloudy
Eindhoven,2026-09-16,14.8,10.7,12.8,10.8,59.3,0,20,19.8,36.8,Clear
Eindhoven,2026-09-17,14.7,8.6,11.6,9.4,76.2,0,3,21.6,28.6,Partially cloudy
Eindhoven,2026-09-18,13.2,5.6,9.4,6.8,66.5,0,14,26.4,36.3,Partially cloudy
Eindhoven,2026-09-19,16.2,11.5,13.8,11.7,92.4,10.9,78,21.1,30.8,Light Rain
Eindhoven,2026-09-20,14.7,7.3,11,8.5,65.6,0,2,24.7,35.5,Partially cloudy
Eindhoven,2026-09-21,19.5,12.1,15.8,14,61.2,0,5,18,28.8,Clear
Eindhoven,2026-09-22,14.8,6.9,10.9,9.6,79.2,0,19,13.3,26.5,Partially cloudy
Eindhoven,2026-09-23,14.7,9.2,11.9,9.2,82.8,12,63,27.1,44.6,Light Rain
Eindhoven,2026-09-24,15.9,11.3,13.6,11.6,76,0,2,20,36.1,Clear
Eindhoven,2026-09-25,13.5,6.5,10,7.3,61.8,0,10,27.1,33.4,Overcast
Eindhoven,2026-09-26,14.1,6.9,10.5,8.6,77.2,7.6,72,19.5,33,Heavy Rain
Eindhoven,2026-09-27,12.2,7.7,9.9,7.9,87.2,4.2,85,19.7,36.7,"Rain, Partially cloudy"
Eindhoven,2026-09-28,19,11,15,13.9,62.7,0,16,11.4,26,Partially cloudy
Eindhoven,2026-09-29,13.6,8.7,11.1,10.2,60,0,10,9.2,25.9,Overcast
Eindhoven,2026-09-30,16.7,10.4,13.6,12.7,91.7,5,76,8.6,20.8,"Rain, Overcast"
Eindhoven,2026-10-01,13.5,5.6,9.6,7.3,61.6,0,0,22.7,39.9,Overcast
Eindhoven,2026-10-02,13.8,5.8,9.8,7.1,76.6,11.6,67,26.8,34.1,Heavy Rain
Eindhoven,2026-10-03,16.3,11.6,13.9,12.3,62.7,0,17,16.3,29.3,Partially cloudy
Eindhoven,2026-10-04,14.4,8.3,11.4,8.6,64.6,0,0,27.6,38.6,Overcast
Eindhoven,2026-10-05,12.1,6.8,9.4,8.1,67.5,0,2,12.6,26.2,Clear
Eindhoven,2026-10-06,17.3,12.8,15.1,12.4,79.6,0,2,26.7,35.4,Partially cloudy
Eindhoven,2026-10-07,15.6,11.4,13.5,10.7,75.9,0,18,27.8,42.6,Clear
Eindhoven,2026-10-08,13.7,6.2,9.9,7.2,90.8,4.4,69,26.7,37.7,"Rain, Partially cloudy"
Eindhoven,2026-10-09,13.1,8.8,10.9,9.5,59.9,0,2,13.8,19.8,Partially cloudy
Eindhoven,2026-10-10,18.3,13.1,15.7,13.5,59.5,0,16,21.9,27.7,Clear
Eindhoven,2026-10-11,16.9,12.9,14.9,12.6,69.9,0,7,22.6,40.3,Overcast
Eindhoven,2026-10-12,15.7,8,11.8,10.5,93.2,4.1,60,12.7,26.1,Light Rain
Eindhoven,2026-10-13,15.4,9.4,12.4,9.9,77.6,0,10,24.7,42.7,Clear
Eindhoven,2026-10-14,14.9,9.4,12.2,10,84,8.6,84,22.3,27.7,"Rain, Overcast"
Eindhoven,2026-10-15,19.6,12.1,15.9,14.8,78.1,11.5,78,11.1,29,"Rain, Partially cloudy"
Eindhoven,2026-10-16,15.1,8.5,11.8,10,77.3,0,18,17.9,25.8,Clear
Eindhoven,2026-10-17,15.2,8.4,11.8,10,66.1,0,8,18.3,34.3,Clear
Eindhoven,2026-10-18,16.2,11.6,13.9,12.6,83.8,10.1,69,13.3,22.4,Light Rain
Eindhoven,2026-10-19,15.1,9.8,12.4,10.8,79.8,1.6,69,15.5,21.4,"Rain, Overcast"
Eindhoven,2026-10-20,12.1,7.8,9.9,8.3,76.3,0,1,15.8,29.5,Clear
Eindhoven,2026-10-21,17.1,9.9,13.5,12.6,90.3,0.6,86,9.4,27,Light Rain
Eindhoven,2026-10-22,14.5,9.9,12.2,11.3,69,0,0,9.3,14.6,Clear
Eindhoven,2026-10-23,15.8,10.3,13.1,12.1,93.1,8.7,69,9.6,20.9,Light Rain
Eindhoven,2026-10-24,12.2,8.1,10.1,7.6,76.8,0,0,25,30.9,Overcast
Eindhoven,2026-10-25,11.6,7.1,9.3,7.5,57.7,0,8,18.1,36.1,Partially cloudy
Eindhoven,2026-10-26,15.4,9.8,12.6,11.2,66.6,0,18,13.7,31.2,Clear
Eindhoven,2026-10-27,14.4,8.8,11.6,9,61.9,0,7,26,37.6,Overcast
Eindhoven,2026-10-28,12.3,8.1,10.2,8.9,64.8,0,1,12.7,26.7,Partially cloudy
Eindhoven,2026-10-29,16.7,10.5,13.6,11.5,73.1,0,19,20.6,33.5,Overcast
Eindhoven,2026-10-30,13,5.1,9.1,6.6,94.2,11.8,88,24.8,41.2,"Rain, Overcast"
Eindhoven,2026-10-31,18.3,11,14.7,13.5,76.7,9.8,83,11.9,29.1,Light Rain
Eindhoven,2026-11-01,13.3,6.7,10,9,60.6,0,7,10.2,19.9,Overcast
Eindhoven,2026-11-02,17.2,9.6,13.4,11.8,83.4,1.7,72,15.7,23,Light Rain
Eindhoven,2026-11-03,16.7,11,13.8,11.1,76.5,0,4,26.6,42,Overcast
Eindhoven,2026-11-04,13.1,5.8,9.4,7,59.1,0,12,24.5,34.6,Partially cloudy
Eindhoven,2026-11-05,13.8,9.5,11.7,10,56.5,0,10,17.1,34.8,Clear
Eindhoven,2026-11-06,17.1,9.8,13.5,12.2,61.6,0,2,13,23.1,Partially cloudy
Eindhoven,2026-11-07,14.3,7.2,10.8,8.1,91,12,72,26.8,41.6,"Rain, Overcast"
Eindhoven,2026-11-08,15.7,11.5,13.6,11.3,55.2,0,3,22.8,39.6,Partially cloudy
Eindhoven,2026-11-09,18.1,11.7,14.9,13.7,60.5,0,10,12,26.2,Clear
Eindhoven,2026-11-10,15.5,8.5,12,10.8,59.1,0,19,12.4,22.4,Clear
Eindhoven,2026-11-11,15.1,7.9,11.5,9.9,62.6,0,14,16.3,33.8,Overcast
Eindhoven,2026-11-12,16.8,11,13.9,12.5,76.3,0,6,14,27.9,Partially cloudy
Eindhoven,2026-11-13,18,12.4,15.2,13,57.4,0,5,21.7,27.3,Overcast
Eindhoven,2026-11-14,15.8,8.3,12.1,10,56.3,0,15,20.9,26.9,Partially cloudy
Eindhoven,2026-11-15,18.9,11.1,15,13,79.9,0,16,19.9,27.9,Clear
Eindhoven,2026-11-16,12.5,7.6,10.1,7.1,81.1,10.6,60,29.6,40.6,Light Rain
Eindhoven,2026-11-17,15.5,8.5,12,10.6,58.5,0,18,14.3,30.4,Overcast
Eindhoven,2026-11-18,12.8,5.2,9,6.7,79,4.7,91,23.2,32.3,Light Rain
Eindhoven,2026-11-19,18,13.5,15.8,14.8,78.2,12,79,9.8,19.3,Heavy Rain
Eindhoven,2026-11-20,18.3,11.4,14.9,12.8,83.9,1.5,72,20.7,34.9,"Rain, Overcast"
Eindhoven,2026-11-21,13.8,5.8,9.8,8.9,88.2,7.7,91,9.1,24.7,Heavy Rain
Eindhoven,2026-11-22,16.6,9.4,13,10.6,83.3,6.9,83,24.3,37.1,Heavy Rain
Eindhoven,2026-11-23,11.6,7,9.3,6.9,91.4,10.9,82,23.9,35.1,Light Rain
Eindhoven,2026-11-24,11.6,6.8,9.2,6.6,76.9,0,2,25.5,36.9,Partially cloudy
Eindhoven,2026-11-25,11.7,7.1,9.4,7.2,68.5,0,2,22,28.8,Overcast
Eindhoven,2026-11-26,13,8.5,10.8,8.2,58.4,0,8,26.4,39.7,Clear
Eindhoven,2026-11-27,14.9,10.7,12.8,9.8,76.4,0,16,29.7,41.5,Partially cloudy
Eindhoven,2026-11-28,18.2,11.8,15,14.2,55.6,0,11,8.5,19.1,Clear
Eindhoven,2026-11-29,18.3,10.6,14.4,12.6,76.9,0,8,17.7,31.1,Clear
Eindhoven,2026-11-30,18.8,11.8,15.3,13.6,89.6,5,76,17.4,29.1,"Rain, Partially cloudy"
